date, pm25, pm10, o3, no2, so2, co, aqi
2020/10/1, 114, 48, 25, 16, 2, 4, 
2020/10/2, 86, 40, 30, 22, 2, 2, 
2020/10/3, 62, 29, 25, 11, 1, 2, 
2020/10/4, 33, 28, 26, 23, 2, 3, 
2020/10/5, 46, 54, 28, 29, 3, 2, 
2020/10/6, 77, 57, 34, 22, 5, 3, 
2020/10/7, 94, 85, 53, 35, 15, 5, 
2020/10/8, 161, 77, 69, 27, 12, 4, 
2020/10/9, 147, 87, 63, 29, 5, 3, 
2020/10/10, 156, 76, 42, 22, 5, 3, 
2020/10/11, 124, 16, 26, 15, 1, 1, 29
2020/10/12, 30, 50, 32, 25, 8, 4, 53
2020/10/13, 73, 31, 25, 15, 1, 2, 35
2020/10/14, 38, 52, 32, 20, 2, 1, 67
2020/10/15, 100, 49, 31, 20, 2, 2, 70
2020/10/16, 88, 45, 30, 25, 6, 3, 49
2020/10/17, 70, 80, 16, 30, 5, 4, 116
2020/10/18, 156, 78, 55, 25, 5, 5, 94
2020/10/19, 144, 83, 45, 22, 5, 5, 132
2020/10/20, 157, 76, 29, 17, 2, 2, 
2020/10/21, 99, 56, 26, 21, 3, 3, 48
2020/10/22, 55, 24, 28, 17, 1, 3, 24
2020/10/23, 37, 49, 33, 25, 4, 3, 52
2020/10/24, 71, 75, 43, 22, 6, 4, 80
2020/10/25, 125, 88, 69, 24, 8, 7, 115
2020/10/26, 159, 50, 18, 19, 2, , 56
2020/10/27, 42, 43, 21, 26, 5, 4, 39
2020/10/28, 66, 59, 24, 26, 8, 5, 
2020/10/29, 86, 62, 40, 27, 5, 6, 
2020/10/30, 111, 116, 40, 32, 8, 8, 
2020/10/31, 168, 98, 22, 31, 4, 6, 
2020/11/1, 117, 59, 21, 16, 7, 2, 
2020/11/2, 47, 50, 22, 22, 2, 3, 
2020/11/3, 51, 77, 24, 24, 9, 5, 
2020/11/4, 92, 70, 20, 22, 6, 3, 
2020/11/5, 115, 84, 24, 26, 4, 3, 87
2020/11/6, 110, 91, 24, 24, 4, 5, 95
2020/11/7, 94, 26, 24, 10, 2, 1, 28
2020/11/8, 32, 46, 22, 19, 4, 2, 47
2020/11/9, 58, 84, 32, 25, 12, 6, 90
2020/11/10, 136, 101, 67, 26, 12, 7, 123
2020/11/11, 157, 105, 35, 30, 6, 7, 
2020/11/12, 163, 72, 24, 27, 4, 5, 
2020/11/13, 99, 84, 25, 27, 10, 7, 
2020/11/14, 118, 119, 39, 31, 6, 10, 
2020/11/15, 185, 103, 36, 21, 4, 9, 
2020/11/16, 172, 111, 18, 22, 3, 9, 
2020/11/17, 183, 32, 23, 12, 1, 5, 
2020/11/18, 70, 25, 17, 13, 1, 3, 
2020/11/19, 43, 31, 21, 15, 2, 5, 
2020/11/20, 46, 36, 7, 23, 1, 8, 
2020/11/21, 73, 32, 20, 14, 1, 4, 
2020/11/22, 59, 39, 15, 21, 2, 4, 
2020/11/23, 64, 80, 13, 24, 6, 9, 
2020/11/24, 146, 95, 5, 26, 4, 12, 
2020/11/25, 154, 42, 16, 19, 3, 4, 
2020/11/26, 47, 42, 22, 17, 3, 3, 
2020/11/27, 56, 28, 19, 15, 2, 2, 
2020/11/28, 44, 58, 12, 23, 7, 7, 
2020/11/29, 96, 47, 17, 21, 5, 5, 
2020/11/30, 79, 52, 7, 28, 6, 6, 
2020/12/1, 86, 67, 10, 23, 4, 8, 
2020/12/2, 131, 41, 21, 18, 3, 4, 
2020/12/3, 60, 61, 17, 27, 7, 7, 
2020/12/4, 117, 108, 12, 30, 8, 12, 
2020/12/5, 178, 121, 10, 31, 8, 11, 
2020/12/6, 193, 37, 22, 14, 3, 3, 
2020/12/7, 53, 60, 13, 26, 7, 7, 
2020/12/8, 103, 92, 7, 30, 14, 11, 
2020/12/9, 158, 121, 9, 33, 7, 18, 
2020/12/10, 189, 110, 10, 22, 2, 13, 
2020/12/11, 180, 125, 10, 17, 1, 13, 
2020/12/12, 186, 53, 22, 12, 1, 4, 
2020/12/13, 72, 45, 18, 17, 6, 4, 
2020/12/14, 72, 54, 15, 21, 7, 6, 
2020/12/15, 91, 51, 15, 21, 7, 7, 
2020/12/16, 89, 87, 10, 28, 15, 12, 
2020/12/17, 159, 43, 26, 17, 5, 6, 
2020/12/18, 67, 52, 19, 24, 9, 7, 
2020/12/19, 83, 64, 15, 29, 11, 10, 
2020/12/20, 120, 86, 14, 32, 14, 13, 
2020/12/21, 160, 114, 17, 33, 14, 14, 
2020/12/22, 184, 115, 17, 29, 9, 12, 
2020/12/23, 168, 65, 24, 17, 3, 4, 
2020/12/24, 67, 85, 18, 26, 12, 10, 
2020/12/25, 143, 129, 17, 36, 16, 14, 
2020/12/26, 196, 162, 7, 45, 12, 27, 
2020/12/27, 229, 76, 11, 19, 6, 12, 
2020/12/28, 122, 51, 20, 11, 3, 3, 
2020/12/29, 48, 35, 24, 13, 3, 4, 
2020/12/30, 32, 49, 19, 23, 5, 4, 
2020/12/31, 56, 69, 13, 22, 7, 5, 
2021/1/1, 121, 80, 11, 29, 10, 10, 
2021/1/2, 154, 64, 16, 22, 6, 10, 
2021/1/3, 117, , , , , , 
2020/7/1, 94, 55, 85, 10, 4, 6, 
2020/7/2, 99, 45, 60, 7, 3, 6, 
2020/7/3, 96, 59, 55, 7, 2, 4, 
2020/7/4, 122, 48, 72, 3, 2, 4, 
2020/7/5, 104, 41, 87, 5, 2, 4, 
2020/7/6, 81, 54, 103, 7, 2, 5, 
2020/7/7, 107, 47, 80, 5, 3, 5, 
2020/7/8, 98, 45, 36, 9, 3, 3, 
2020/7/9, 86, 62, 53, 10, 3, 5, 
2020/7/10, 134, 82, 52, 10, 2, 2, 
2020/7/11, 162, 51, 48, 6, 2, 2, 
2020/7/12, 116, 59, 69, 10, 2, 3, 
2020/7/13, 121, 41, 67, 9, 2, 2, 
2020/7/14, 79, 56, 83, 10, 2, 3, 
2020/7/15, 113, 55, 85, 10, 2, 2, 
2020/7/16, 116, 59, 68, 8, 2, 1, 
2020/7/17, 127, 59, 74, 7, 2, 2, 
2020/7/18, 128, 46, 64, 6, 3, 3, 
2020/7/19, 91, 49, 80, 10, 2, 2, 
2020/7/20, 102, 45, 75, 6, 3, 3, 
2020/7/21, 75, 53, 77, 10, 3, 4, 
2020/7/22, 104, 43, 59, 5, 2, 2, 
2020/7/23, 85, 51, 95, 12, 2, 3, 
2020/7/24, 91, 50, 67, 13, 3, 4, 
2020/7/25, 88, 35, 44, 9, 2, 2, 
2020/7/26, 79, 54, 66, 8, 3, 5, 
2020/7/27, 124, 59, 61, 8, 2, 4, 
2020/7/28, 131, 61, 67, 17, 2, 4, 
2020/7/29, 126, 53, 62, 10, 2, 4, 58
2020/7/30, 107, 34, 33, 8, 2, 3, 52
2020/7/31, 69, 39, 47, 5, 2, 3, 58
2020/8/1, 79, 26, 45, 5, 2, 2, 35
2020/8/2, 70, 55, 48, 7, 2, 3, 91
2020/8/3, 111, 71, 74, 9, 2, 5, 128
2020/8/4, 148, 51, 25, 9, 3, 5, 81
2020/8/5, 112, 32, 14, 10, 2, 3, 40
2020/8/6, 61, 21, 30, 5, 3, 2, 27
2020/8/7, 50, 27, 41, 9, 3, 2, 33
2020/8/8, 49, 38, 46, 8, 3, 2, 52
2020/8/9, 81, 34, 74, 5, 2, 3, 62
2020/8/10, 77, 59, 48, 8, 2, 4, 
2020/8/11, 127, 52, 24, 12, 2, 6, 75
2020/8/12, 106, 26, 32, 7, 2, 4, 46
2020/8/13, 70, 47, 58, 8, 3, 5, 55
2020/8/14, 91, 31, 35, 6, 2, 2, 45
2020/8/15, 61, 45, 31, 9, 3, 10, 62
2020/8/16, 93, 57, 45, 10, 3, 6, 92
2020/8/17, 120, 33, 45, 6, 2, 3, 37
2020/8/18, 64, 25, 19, 9, 2, 1, 17
2020/8/19, 45, 31, 29, 12, 4, 7, 
2020/8/20, 62, 42, 70, 16, 5, 7, 52
2020/8/21, 64, 42, 88, 14, 5, 4, 56
2020/8/22, 61, 65, 49, 16, 4, 4, 103
2020/8/23, 137, 34, 50, 6, 3, 1, 52
2020/8/24, 61, 44, 66, 14, 3, 4, 49
2020/8/25, 67, 57, 53, 13, 5, 6, 77
2020/8/26, 109, 66, 73, 12, 3, 9, 89
2020/8/27, 138, 50, 91, 10, 3, 7, 76
2020/8/28, 91, 60, 86, 8, 5, 6, 92
2020/8/29, 123, 54, 71, 7, 2, 4, 64
2020/8/30, 99, 44, 47, 7, , 2, 40
2020/8/31, 59, 38, 65, 7, 1, 3, 49
2020/9/1, 60, 37, 42, 8, 1, 3, 42
2020/9/2, 61, 24, 25, 19, 3, 4, 18
2020/9/3, 18, 44, 57, 18, 4, 1, 48
2020/9/4, 55, 61, 102, 16, 6, , 
2020/9/5, 107, 79, 108, 12, 5, 4, 
2020/9/6, 140, 62, 50, 8, , 4, 
2020/9/7, 140, 60, 56, 16, , 6, 
2020/9/8, 117, , , , , , 
2020/9/10, 41, 21, 22, 11, 2, 2, 
2020/9/11, 38, 31, 41, 11, 2, 4, 
2020/9/12, 58, 40, 41, 12, 2, 3, 
2020/9/13, 80, 50, 20, 5, 9, 5, 
2020/9/14, 93, , 13, 1, 14, , 
2020/9/16, 35, 30, 28, 19, 1, 2, 
2020/9/17, 43, 32, 39, 17, 2, 4, 
2020/9/18, 44, 48, 80, 16, 5, 5, 
2020/9/19, 80, 52, 63, 16, 3, 3, 
2020/9/20, 92, 44, 71, 12, 7, 3, 
2020/9/21, 79, 65, 86, 18, 11, 5, 
2020/9/22, 119, 37, 38, 10, 1, 3, 
2020/9/23, 77, 47, 52, 13, 1, 5, 
2020/9/24, 103, 54, 74, 18, 2, 5, 
2020/9/25, 116, 43, 62, 15, 1, 3, 
2020/9/26, 89, 51, 80, 18, 6, 3, 
2020/9/27, 98, 63, 69, 19, 3, 3, 
2020/9/28, 122, 38, 27, 15, 1, 4, 
2020/9/29, 71, 36, 34, 17, 3, 6, 
2020/9/30, 66, 61, 22, 19, 7, 5, 
2020/4/1, 124, 54, 31, 13, 5, , 
2020/4/2, 80, 72, 36, 10, 6, , 
2020/4/3, 131, 127, 39, 6, 5, , 
2020/4/4, 62, 65, 47, 7, 14, , 
2020/4/5, 76, 87, 51, 12, 10, , 
2020/4/6, 141, 69, 36, 8, 7, , 
2020/4/7, 95, 40, 37, 8, 7, , 
2020/4/8, 52, 26, 39, 2, 5, , 
2020/4/9, 48, 49, 49, 12, 6, , 
2020/4/10, 126, 42, 45, 10, 5, , 
2020/4/11, 78, 59, 54, 13, 8, , 
2020/4/12, 86, 61, 55, 14, 10, , 
2020/4/13, 95, 95, 21, 16, 11, , 
2020/4/14, 168, 60, 90, 8, 7, , 
2020/4/15, 109, 70, 51, 8, 6, , 
2020/4/16, 122, 54, 94, 7, 5, 5, 
2020/4/17, 99, 53, 99, 9, 5, 4, 
2020/4/18, 126, 57, 94, 7, 4, 2, 
2020/4/19, 139, 34, 49, 1, 3, , 
2020/4/20, 31, 27, 42, 3, 3, , 
2020/4/21, 29, 30, 45, 5, 3, , 
2020/4/22, 32, 20, 43, 8, 2, , 
2020/4/23, 30, 60, 44, 10, 5, , 
2020/4/24, 50, 58, 47, 6, 5, , 
2020/4/25, 65, 44, 46, 10, 5, , 
2020/4/26, 65, 54, 73, 10, 7, , 
2020/4/27, 89, 70, 86, 11, 7, , 
2020/4/28, 120, 65, 99, 6, 7, , 
2020/4/29, 110, 71, 100, 9, 9, , 
2020/4/30, 141, 68, 93, 9, 8, , 
2020/5/1, 140, 56, 80, 7, 7, , 
2020/5/2, 126, 49, 40, 8, 9, , 
2020/5/3, 113, 29, 21, 8, 2, , 
2020/5/4, 52, 32, 55, 10, 3, , 
2020/5/5, 68, 49, 76, 9, 7, , 
2020/5/6, 96, 61, 35, 10, 8, , 
2020/5/7, 124, 12, 43, 4, 2, , 
2020/5/8, 43, 35, 39, 10, 3, 1, 
2020/5/9, 84, 59, 59, 13, 4, 6, 
2020/5/10, 87, 36, 44, 10, 3, 3, 
2020/5/11, 39, 55, 46, 7, 3, 3, 
2020/5/12, 46, 84, 83, 13, 7, 3, 
2020/5/13, 113, 70, 62, 15, 9, 4, 
2020/5/14, 134, 56, 61, 10, 4, 3, 
2020/5/15, 120, 59, 54, 11, 5, 5, 
2020/5/16, 122, 80, 51, 14, 6, 6, 
2020/5/17, 111, 54, 44, 10, 4, 5, 
2020/5/18, 56, 43, 58, 11, 5, 3, 
2020/5/19, 55, 62, 92, 13, 6, , 
2020/5/20, 95, 67, 98, 11, 7, , 
2020/5/21, 134, 36, 65, 8, 4, 1, 
2020/5/22, 72, 35, 59, 10, 6, 5, 
2020/5/23, 66, 34, 70, 12, 4, 5, 
2020/5/24, 64, 45, 70, 16, 5, 6, 
2020/5/25, 75, 29, 56, 7, 3, 2, 
2020/5/26, 68, 35, 55, 9, 4, 1, 
2020/5/27, 60, 50, 67, 15, 5, 1, 
2020/5/28, 68, 61, 97, 10, 7, 5, 
2020/5/29, 90, 53, 80, 8, 5, 4, 
2020/5/30, 83, 41, 50, 7, 3, 3, 
2020/5/31, 69, 49, 69, 9, 6, 5, 
2020/6/1, 75, 75, 71, 7, 4, 3, 
2020/6/2, 97, 122, 108, 10, 7, 4, 
2020/6/3, 122, 97, 43, 12, 7, 5, 
2020/6/4, 93, 49, 64, 7, 5, 3, 
2020/6/5, 60, 56, 110, 10, 6, , 
2020/6/6, 80, 97, 111, 12, 8, , 
2020/6/7, 127, 89, 101, 11, 6, 1, 
2020/6/8, 101, 95, 49, 16, 6, 7, 
2020/6/9, 135, 88, 103, 13, 5, 3, 
2020/6/10, 147, 91, 98, 10, 7, 4, 
2020/6/11, 142, 73, 94, 10, 5, 5, 
2020/6/12, 125, 78, 112, 13, 5, 2, 
2020/6/13, 112, 35, 59, 6, 3, 1, 
2020/6/14, 35, 73, 112, 13, 8, 4, 
2020/6/15, 67, 82, 110, 14, 7, 6, 
2020/6/16, 98, 54, 67, 9, 5, 2, 
2020/6/17, 81, 44, 77, 7, 3, 2, 
2020/6/18, 79, 59, 91, 9, 2, 2, 
2020/6/19, 78, 64, 92, 6, 3, 3, 
2020/6/20, 98, 64, 100, 8, 3, 4, 
2020/6/21, 112, 62, 75, 8, 3, 2, 
2020/6/22, 97, 56, 56, 7, 3, 2, 43
2020/6/23, 89, 50, 65, 5, 2, 1, 54
2020/6/24, 74, 47, 70, 4, 3, 2, 50
2020/6/25, 78, 59, 65, 7, 2, 4, 89
2020/6/26, 118, 76, 87, 8, 2, 6, 103
2020/6/27, 158, 56, 86, 6, 4, 4, 80
2020/6/28, 120, 59, 57, 6, 4, 5, 94
2020/6/29, 134, 44, 66, 8, 3, 12, 
2020/6/30, 74, 48, 80, 12, 3, 3, 
2020/1/1, 125, 99, 14, 25, 13, 14, 127
2020/1/2, 172, 121, 15, 30, 21, 12, 169
2020/1/3, 189, 157, 22, 34, 18, 16, 247
2020/1/4, 249, 79, 4, 32, 9, 9, 108
2020/1/5, 156, 63, 4, 22, 4, 8, 
2020/1/6, 137, 63, 10, 22, 7, 8, 
2020/1/7, 133, 36, 27, 17, 7, 6, 
2020/1/8, 72, 80, 27, 22, 9, 18, 
2020/1/9, 159, 89, 18, 31, 12, 14, 
2020/1/10, 175, 56, 20, 17, 8, 8, 
2020/1/11, 94, 69, 14, 20, 10, 7, 
2020/1/12, 137, 60, 19, 19, 9, , 
2020/1/13, 104, 44, 25, 18, 8, , 
2020/1/14, 89, 94, 24, 27, 11, 4, 
2020/1/15, 179, 167, 15, 30, 12, 5, 
2020/1/16, 269, 159, 16, 28, 16, 20, 
2020/1/17, 260, 124, 17, 12, 7, 9, 
2020/1/18, 211, 99, 24, 15, 6, 13, 
2020/1/19, 176, 54, 25, 14, 7, 4, 
2020/1/20, 86, 81, 26, 17, 15, 8, 
2020/1/21, 136, 154, 19, 24, 17, 23, 
2020/1/22, 250, 155, 36, 18, 10, 24, 
2020/1/23, 266, 50, 29, 4, 5, 2, 
2020/1/24, 95, 87, 34, 7, 15, 4, 
2020/1/25, 169, 107, 32, 14, 8, 11, 
2020/1/26, 196, 112, 38, 13, 11, 15, 
2020/1/27, 204, 134, 40, 15, 12, 17, 
2020/1/28, 239, 73, 35, 12, 7, 10, 
2020/1/29, 159, 46, 31, 9, 9, 7, 
2020/1/30, 98, 82, 44, 9, 18, 12, 
2020/1/31, 162, 52, 32, 8, 7, 6, 72
2020/2/1, 89, 35, 34, 4, 4, 3, 47
2020/2/2, 78, 40, 33, 6, 6, 5, 63
2020/2/3, 82, 49, 28, 7, 9, 6, 60
2020/2/4, 89, 27, 28, 4, 4, 2, 30
2020/2/5, 42, 38, 24, 4, 5, 4, 56
2020/2/6, 85, 77, 17, 8, 5, 8, 114
2020/2/7, 166, 76, 32, 8, 6, 9, 119
2020/2/8, 159, 93, 28, 9, 7, 13, 151
2020/2/9, 183, 91, 44, 8, 11, 11, 141
2020/2/10, 178, 70, 43, 6, 11, 6, 109
2020/2/11, 153, 64, 36, 7, 9, 7, 93
2020/2/12, 144, 68, 34, 6, 7, 6, 104
2020/2/13, 149, 44, 23, 5, 3, 6, 56
2020/2/14, 97, 17, 31, 2, 3, 2, 24
2020/2/15, 28, 14, 31, 2, 4, 2, 25
2020/2/16, 26, 14, 32, 7, 4, 2, 24
2020/2/17, 26, 50, 36, 11, 9, 6, 71
2020/2/18, 98, 58, 33, 11, 7, 5, 74
2020/2/19, 110, 74, 21, 14, 3, 7, 98
2020/2/20, 159, 98, 29, 16, 4, 10, 128
2020/2/21, 169, 34, 37, 10, 4, 2, 42
2020/2/22, 45, 58, 46, 12, 9, 5, 60
2020/2/23, 84, 89, 28, 14, 8, 5, 124
2020/2/24, 157, 45, 30, 7, 6, , 43
2020/2/25, 75, 33, 30, 9, 5, 1, 36
2020/2/26, 43, 25, 27, 9, 5, , 28
2020/2/27, 43, 50, 19, 9, 4, , 
2020/2/28, 122, 58, 25, 9, 4, , 140
2020/2/29, 136, 49, 31, 10, 4, 3, 52
2020/3/1, 100, 45, 35, 12, 6, 4, 
2020/3/2, 77, 48, 26, 9, 4, 3, 
2020/3/3, 97, 20, 31, 6, 4, , 
2020/3/4, 31, 51, 37, 12, 7, , 
2020/3/5, 88, 77, 46, 10, 7, , 
2020/3/6, 143, 81, 51, 12, 6, , 
2020/3/7, 164, 101, 30, 13, 4, 5, 
2020/3/8, 168, 63, 24, 12, 4, , 
2020/3/9, 123, 50, 35, 12, 4, , 
2020/3/10, 74, 71, 43, 13, 8, , 
2020/3/11, 96, 75, 27, 10, 7, , 
2020/3/12, 93, 46, 32, 11, 5, , 
2020/3/13, 37, 55, 36, 14, 6, , 
2020/3/14, 66, 53, 32, 16, 7, , 
2020/3/15, 70, 73, 31, 12, 7, , 
2020/3/16, 75, 86, 42, 16, 8, , 
2020/3/17, 118, 164, 42, 8, 8, , 
2020/3/18, 100, 43, 38, 6, 5, , 
2020/3/19, 25, 109, 37, 9, 8, , 
2020/3/20, 91, 93, 36, 12, 8, , 
2020/3/21, 107, 56, 44, 12, 6, , 
2020/3/22, 66, 78, 58, 14, 9, , 
2020/3/23, 125, 80, 39, 17, 15, , 
2020/3/24, 137, 77, 64, 13, 11, , 
2020/3/25, 127, 65, 27, 8, 7, , 
2020/3/26, 73, 37, 34, 9, 5, , 
2020/3/27, 28, 39, 33, 6, 6, 4, 37
2020/3/28, 27, 66, 36, 13, 11, 2, 63
2020/3/29, 95, 65, 41, 8, 6, 2, 66
2020/3/30, 99, 64, 34, 10, 6, 3, 74
2020/3/31, 114, 80, 27, 13, 8, , 
2019/10/1, 119, 65, 80, 8, 5, 4, 
2019/10/2, 117, 73, 97, 8, 4, 5, 
2019/10/3, 123, 46, 30, 5, 2, 3, 
2019/10/4, 59, 24, 27, 8, 3, 5, 
2019/10/5, 31, 38, 23, 14, 5, 4, 
2019/10/6, 58, 47, 34, 8, 2, 3, 
2019/10/7, 86, 44, 28, 13, 3, 4, 
2019/10/8, 63, 61, 55, 14, 6, 5, 
2019/10/9, 92, 56, 29, 10, 2, 4, 
2019/10/10, 118, 58, 29, 10, 3, 3, 
2019/10/11, 90, 45, 32, 12, 3, 2, 
2019/10/12, 45, 44, 18, 13, 3, 2, 
2019/10/13, 40, 31, 24, 10, 3, 5, 
2019/10/14, 46, 45, 27, 18, 5, 4, 
2019/10/15, 63, 59, 11, 20, 4, 4, 
2019/10/16, 95, 69, 19, 19, 3, 5, 
2019/10/17, 135, 80, 35, 24, 4, 3, 
2019/10/18, 157, 94, 65, 22, 5, 4, 
2019/10/19, 166, 112, 38, 18, 4, 5, 
2019/10/20, 151, 89, 35, 20, 6, 6, 
2019/10/21, 93, 98, 70, 24, 9, 7, 
2019/10/22, 133, 101, 60, 19, 4, 6, 
2019/10/23, 160, 72, 40, 16, 5, 5, 91
2019/10/24, 124, 36, 27, 10, 3, 1, 40
2019/10/25, 29, 20, 24, 13, 8, 2, 28
2019/10/26, 24, 81, 20, 25, 12, 7, 103
2019/10/27, 126, 124, 38, 12, 4, 2, 129
2019/10/28, 103, 82, 35, 20, 7, 3, 84
2019/10/29, 84, 141, 17, 32, 12, 7, 140
2019/10/30, 154, 100, 24, 38, 8, 6, 
2019/10/31, 146, 77, 37, 27, 12, 6, 
2019/11/1, 100, 54, 17, 26, 5, 6, 
2019/11/2, 73, 47, 29, 16, 5, 6, 
2019/11/3, 58, 47, 34, 22, 5, 4, 
2019/11/4, 62, 65, 37, 22, 6, 5, 
2019/11/5, 109, 80, 37, 28, 9, 11, 
2019/11/6, 134, 56, 29, 18, 4, 4, 
2019/11/7, 67, 71, 36, 23, 7, 6, 
2019/11/8, 116, 138, 51, 19, 6, 9, 
2019/11/9, 201, 82, 33, 14, 4, 5, 
2019/11/10, 111, 75, 30, 21, 6, 5, 
2019/11/11, 96, 102, 35, 29, 13, 8, 
2019/11/12, 138, 80, 31, 15, 6, 2, 
2019/11/13, 91, 83, 16, 23, 12, 1, 
2019/11/14, 97, 96, 19, 25, 11, 9, 
2019/11/15, 137, 60, 13, 18, 5, 3, 
2019/11/16, 89, 118, 15, 18, 5, 3, 
2019/11/17, 126, 81, 26, 11, 4, , 
2019/11/18, 60, 85, 22, 20, 6, , 
2019/11/19, 91, 118, 14, 29, 16, , 
2019/11/20, 145, 114, 9, 32, 11, , 
2019/11/21, 164, 94, 21, 28, 9, , 
2019/11/22, 155, 110, 1, 32, 6, , 
2019/11/23, 171, , , , , , 
2019/11/28, 73, 61, 15, 22, 11, 4, 
2019/11/29, 107, 95, 8, 27, 9, , 
2019/11/30, 165, 60, 23, 19, 6, , 
2019/12/1, 104, 46, 26, 13, 6, , 
2019/12/2, 53, 73, 17, 23, 10, , 
2019/12/3, 109, 75, 6, 29, 16, , 
2019/12/4, 136, 49, 22, 16, 6, 1, 
2019/12/5, 79, 59, 19, 20, 9, 6, 
2019/12/6, 102, 106, 5, 23, 5, 10, 
2019/12/7, 178, 124, 16, 18, 3, 11, 
2019/12/8, 184, 147, 7, 23, 4, 18, 
2019/12/9, 201, 123, 4, 26, 5, 20, 
2019/12/10, 202, 67, 19, 19, 4, 11, 
2019/12/11, 113, 51, 18, 22, 10, 7, 
2019/12/12, 83, 84, 17, 29, 13, 10, 
2019/12/13, 140, 34, 19, 18, 6, 5, 
2019/12/14, 45, 72, 5, 28, 16, 10, 
2019/12/15, 129, 68, 3, 26, 4, 11, 
2019/12/16, 159, 43, 23, 16, 3, 5, 
2019/12/17, 81, 34, 17, 21, 6, 5, 
2019/12/18, 52, 43, 10, 18, 10, 6, 
2019/12/19, 74, 55, 13, 22, 8, 8, 
2019/12/20, 89, 121, 9, 27, 10, 14, 
2019/12/21, 193, 160, 11, 27, 7, 18, 
2019/12/22, 251, 134, 17, 29, 10, 20, 
2019/12/23, 219, 57, 20, 18, 8, 7, 
2019/12/24, 114, 86, 10, 24, 8, 12, 
2019/12/25, 167, 72, 18, 24, 9, 9, 
2019/12/26, 137, 79, 17, 23, 12, 10, 
2019/12/27, 130, 90, 16, 27, 12, 11, 122
2019/12/28, 163, 102, 17, 27, 10, 13, 145
2019/12/29, 183, , , , , , 
2019/7/1, 61, 65, 105, 6, 4, 5, 
2019/7/2, 86, 50, 92, 5, 2, 4, 
2019/7/3, 71, 62, 110, 7, 5, 4, 
2019/7/4, 107, 67, 93, 4, 4, 3, 
2019/7/5, 87, 35, 42, 4, 1, 2, 
2019/7/6, 65, 37, 45, 2, 1, 2, 
2019/7/7, 71, 57, 71, 5, 2, 4, 
2019/7/8, 108, 57, 40, 10, 1, 5, 
2019/7/9, 116, 47, 43, 4, 1, 3, 
2019/7/10, 79, 49, 59, 6, 1, 3, 
2019/7/11, 88, 64, 90, 7, 6, 3, 
2019/7/12, 126, 60, 96, 4, 3, 3, 
2019/7/13, 115, 55, 78, 4, 2, 3, 
2019/7/14, 104, 52, 86, 4, 2, 3, 
2019/7/15, 98, 52, 75, 4, 3, 3, 
2019/7/16, 93, 70, 53, 6, 2, 5, 
2019/7/17, 141, 74, 99, 7, 3, 5, 
2019/7/18, 148, 48, 70, 4, 3, 2, 
2019/7/19, 72, 52, 41, 7, 3, 3, 
2019/7/20, 86, 53, 73, 6, 1, 4, 
2019/7/21, 89, 72, 86, 9, 3, 8, 
2019/7/22, 129, 52, 68, 3, 2, 5, 
2019/7/23, 103, 52, 66, 5, 2, 4, 
2019/7/24, 78, 63, 63, 7, 2, 5, 
2019/7/25, 94, 66, 75, 4, 2, 5, 
2019/7/26, 117, 73, 87, 5, 3, 6, 
2019/7/27, 130, 58, 73, 5, 2, 3, 
2019/7/28, 91, 29, 43, 3, 1, 3, 
2019/7/29, 47, 39, 49, 2, 1, 1, 
2019/7/30, 56, 57, 69, 4, 1, 3, 
2019/7/31, 92, 55, 72, 3, 1, 4, 
2019/8/1, 79, 32, 49, 3, 1, 4, 
2019/8/2, 60, 43, 57, 3, 2, 6, 
2019/8/3, 80, 38, 40, 4, 1, 3, 
2019/8/4, 59, 52, 47, 4, 1, 2, 
2019/8/5, 95, 47, 43, 6, 1, 3, 
2019/8/6, 71, 45, 38, 7, 2, 4, 
2019/8/7, 70, 46, 69, 5, 2, 5, 
2019/8/8, 81, 48, 60, 2, 2, 5, 
2019/8/9, 87, 39, 46, 4, 1, 4, 
2019/8/10, 78, 18, 12, 4, 2, 4, 
2019/8/11, 28, 18, 28, 2, 2, 1, 
2019/8/12, 25, 19, 30, 3, 2, 3, 
2019/8/13, 25, 42, 64, 10, 2, 5, 
2019/8/14, 50, 54, 70, 9, 3, 6, 
2019/8/15, 77, 32, 46, 9, 2, 2, 
2019/8/16, 44, 40, 43, 13, 3, 3, 
2019/8/17, 43, 49, 34, 14, 2, 4, 
2019/8/18, 57, 59, 92, 10, 4, 5, 
2019/8/19, 90, 57, 49, 11, 3, 5, 
2019/8/20, 96, 53, 67, 16, 2, 4, 
2019/8/21, 85, 56, 40, 23, 3, 4, 
2019/8/22, 86, 48, 64, 16, 4, 5, 
2019/8/23, 62, 59, 72, 13, 10, 8, 
2019/8/24, 102, 57, 71, 14, 6, 6, 
2019/8/25, 89, 69, 52, 13, 4, 6, 
2019/8/26, 131, 77, 67, 14, 4, 9, 
2019/8/27, 131, 54, 46, 9, 3, 2, 
2019/8/28, 64, 38, 41, 12, 3, 4, 
2019/8/29, 28, 44, 48, 17, 3, 4, 
2019/8/30, 47, , , , , , 
2019/9/1, 78, 72, 95, 20, 4, 5, 
2019/9/2, 122, 72, 96, 15, 4, 3, 
2019/9/3, 119, 58, 59, 16, 6, 4, 
2019/9/4, 91, 61, 77, 17, 6, 4, 
2019/9/5, 102, 77, 87, 12, 5, 4, 
2019/9/6, 126, 79, 98, 14, 6, 6, 
2019/9/7, 136, 70, 91, 12, 4, 4, 
2019/9/8, 118, 84, 116, 15, 5, 6, 
2019/9/9, 145, 57, 36, 6, 3, 3, 
2019/9/10, 63, 42, 23, 13, 3, 5, 
2019/9/11, 39, 32, 25, 8, 2, 2, 
2019/9/12, 51, 41, 28, 6, 2, 4, 
2019/9/13, 75, 53, 45, 13, 3, 6, 
2019/9/14, 81, 44, 43, 11, 3, 4, 
2019/9/15, 47, 49, 34, 8, 3, 3, 
2019/9/16, 63, 46, 36, 11, 3, 2, 
2019/9/17, 56, 50, 34, 8, 2, 3, 
2019/9/18, 65, 42, 22, 12, 4, 4, 
2019/9/19, 39, 73, 27, 18, 5, 6, 
2019/9/20, 113, 86, 88, 13, 4, 6, 
2019/9/21, 148, 69, 68, 12, 4, 6, 
2019/9/22, 112, 74, 93, 17, 4, 7, 
2019/9/23, 110, 75, 57, 14, 4, 7, 
2019/9/24, 114, 48, 57, 11, 4, 2, 
2019/9/25, 59, 58, 79, 9, 7, 5, 
2019/9/26, 73, 68, 89, 10, 4, 6, 
2019/9/27, 123, 82, 85, 10, 4, 5, 
2019/9/28, 137, 86, 94, 8, 3, 3, 
2019/9/29, 130, 75, 83, 7, 3, 4, 
2019/9/30, 124, 68, 83, 6, 4, 4, 
2019/4/1, 63, 58, 42, 12, 12, 11, 
2019/4/2, 87, 61, 53, 12, 8, 9, 
2019/4/3, 91, 119, 82, 10, 9, 10, 
2019/4/4, 163, 326, 46, 8, 5, 5, 
2019/4/5, 127, 90, 41, 8, 4, 2, 
2019/4/6, 67, 66, 48, 12, 5, 3, 
2019/4/7, 67, 56, 32, 6, 4, 3, 
2019/4/8, 48, 32, 31, 4, 2, 2, 
2019/4/9, 46, 55, 44, 10, 6, 5, 
2019/4/10, 106, 66, 40, 14, 5, 4, 
2019/4/11, 142, 78, 46, 13, 6, 4, 
2019/4/12, 142, , , , , , 
2019/4/14, 51, 70, 51, 11, 5, 3, 
2019/4/15, 73, 74, 58, 10, 7, 5, 
2019/4/16, 136, 99, 60, 9, 6, 4, 
2019/4/17, 128, 127, 40, 10, 3, 1, 
2019/4/18, 88, 54, 35, 7, 2, 2, 
2019/4/19, 39, 56, 29, 15, 4, 4, 
2019/4/20, 77, 64, 46, 15, 4, 5, 
2019/4/21, 120, 80, 77, 13, 7, 5, 
2019/4/22, 146, 59, 33, 9, 5, 3, 
2019/4/23, 118, 83, 34, 8, 4, 1, 
2019/4/24, 94, 33, 39, 7, 1, , 
2019/4/25, 58, 39, 44, 11, 1, 1, 
2019/4/26, 75, 49, 33, 18, 3, 2, 
2019/4/27, 92, 52, 50, 14, 2, 3, 
2019/4/28, 102, 74, 67, 15, 3, 4, 
2019/4/29, 151, 83, 45, 14, 2, 2, 
2019/4/30, 102, 50, 48, 17, 4, 5, 
2019/5/1, 73, 65, 65, 14, 7, 6, 
2019/5/2, 78, 75, 75, 12, 6, 5, 
2019/5/3, 123, 76, 69, 11, 7, 6, 
2019/5/4, 115, 89, 34, 10, 4, 5, 
2019/5/5, 84, 54, 47, 14, 7, 7, 
2019/5/6, 60, 72, 57, 13, 9, 6, 
2019/5/7, 91, 85, 52, 12, 6, 1, 
2019/5/8, 104, 82, 69, 13, 6, 3, 
2019/5/9, 112, 81, 77, 13, 6, 3, 
2019/5/10, 125, 70, 90, 11, 9, 1, 
2019/5/11, 129, 100, 73, 11, 8, 2, 
2019/5/12, 151, 150, 47, 11, 2, 1, 
2019/5/13, 92, 120, 75, 11, 6, 6, 
2019/5/14, 125, 105, 73, 7, 5, 6, 
2019/5/15, 135, 90, 80, 6, 4, 3, 
2019/5/16, 157, 81, 69, 4, 4, 2, 
2019/5/17, 128, 51, 59, 5, 5, 9, 
2019/5/18, 72, 76, 47, 4, 3, 8, 
2019/5/19, 94, 56, 45, 7, 2, 9, 
2019/5/20, 49, 54, 51, 8, 3, 7, 
2019/5/21, 66, 68, 69, 10, 6, 17, 
2019/5/22, 82, 77, 117, 13, 8, 6, 
2019/5/23, 95, 77, 87, 7, 6, 3, 
2019/5/24, 97, 77, 81, 8, 7, 4, 
2019/5/25, 121, 68, 54, 4, 4, 3, 
2019/5/26, 117, 32, 48, 6, 1, 2, 
2019/5/27, 36, 56, 72, 13, 5, 5, 
2019/5/28, 62, 68, 99, 8, 13, 5, 
2019/5/29, 78, 57, 84, 7, 3, 3, 
2019/5/30, 66, 43, 51, 10, 5, 3, 
2019/5/31, 42, 64, 80, 11, 6, 6, 
2019/6/1, 81, 82, 106, 9, 6, 6, 
2019/6/2, 115, 73, 81, 6, 6, 4, 
2019/6/3, 104, 77, 61, 6, 2, 4, 
2019/6/4, 131, 81, 51, 11, 1, 16, 
2019/6/5, 152, 68, 52, 7, 1, 2, 
2019/6/6, 124, 70, 91, 10, 3, 2, 
2019/6/7, 110, 54, 67, 8, 3, 12, 
2019/6/8, 54, 54, 50, 6, 2, 6, 
2019/6/9, 72, 64, 89, 11, 4, 7, 
2019/6/10, 79, 70, 105, 8, 5, 9, 
2019/6/11, 109, 85, 101, 10, 5, 7, 
2019/6/12, 104, 94, 92, 9, 4, 8, 
2019/6/13, 133, 93, 119, 8, 4, 9, 
2019/6/14, 144, 76, 72, 4, 3, 6, 
2019/6/15, 114, 38, 31, 3, 1, 4, 
2019/6/16, 40, 50, 76, 5, 2, 6, 
2019/6/17, 62, 90, 109, 7, 4, 8, 
2019/6/18, 143, 82, 82, 5, 2, 8, 
2019/6/19, 152, 85, 106, 6, 2, 6, 
2019/6/20, 149, 79, 79, 4, 2, 6, 
2019/6/21, 123, 48, 84, 6, 2, 4, 
2019/6/22, 58, 62, 105, 7, 5, 7, 
2019/6/23, 89, 72, 105, 7, 6, 3, 
2019/6/24, 103, 78, 104, 6, 3, 2, 
2019/6/25, 118, 69, 99, 6, 4, 3, 
2019/6/26, 91, 73, 98, 5, 2, 2, 
2019/6/27, 107, 83, 95, 7, 4, 5, 
2019/6/28, 140, 67, 88, 5, 2, 3, 
2019/6/29, 121, 45, 60, 6, 4, 3, 
2019/6/30, 50, 46, 73, 6, 3, 4, 
2019/1/1, 160, 107, 13, 33, 20, 22, 
2019/1/2, 184, 135, 2, 45, 17, 20, 
2019/1/3, 206, 85, 18, 27, 9, 12, 
2019/1/4, 130, 52, 20, 21, 10, 8, 
2019/1/5, 93, 68, 12, 28, 16, 12, 
2019/1/6, 131, 87, 11, 29, 15, 15, 
2019/1/7, 154, 55, 23, 17, 9, 7, 
2019/1/8, 82, 57, 19, 21, 12, 10, 
2019/1/9, 89, 109, 7, 24, 12, 14, 
2019/1/10, 176, 121, 13, 23, 9, 14, 
2019/1/11, 198, 142, 7, 20, 5, 17, 
2019/1/12, 222, 175, 11, 23, 5, 21, 
2019/1/13, 254, 134, 11, 34, 13, 19, 
2019/1/14, 205, 90, 24, 8, 7, 6, 
2019/1/15, 59, 68, 22, 18, 13, 11, 
2019/1/16, 100, 109, 9, 25, 19, 16, 
2019/1/17, 167, 116, 18, 27, 17, 14, 
2019/1/18, 177, 94, 16, 25, 14, 12, 
2019/1/19, 154, 56, 26, 17, 9, 6, 
2019/1/20, 96, 80, 19, 23, 14, 9, 
2019/1/21, 139, 89, 18, 24, 18, 5, 
2019/1/22, 146, 75, 21, 23, 14, 3, 
2019/1/23, 128, 67, 10, 20, 10, 5, 
2019/1/24, 118, 57, 25, 13, 6, 5, 
2019/1/25, 89, 63, 21, 24, 11, 8, 
2019/1/26, 123, 101, 18, 21, 11, 9, 
2019/1/27, 166, 63, 24, 16, 7, 7, 
2019/1/28, 95, 109, 18, 21, 16, 11, 
2019/1/29, 168, 115, 24, 17, 9, 11, 
2019/1/30, 142, 36, 25, 8, 5, 6, 
2019/1/31, 50, 83, 29, 9, 8, 9, 
2019/2/1, 139, 88, 23, 10, 6, 12, 
2019/2/2, 168, 100, 27, 10, 5, 11, 
2019/2/3, 152, 142, 38, 9, 12, 13, 
2019/2/4, 171, 171, 20, 9, 6, 14, 
2019/2/5, 223, 67, 25, 3, 4, 5, 
2019/2/6, 104, 36, 28, 2, 2, 5, 
2019/2/7, 44, 47, 26, 8, 8, 9, 
2019/2/8, 83, 34, 25, 6, 5, 7, 
2019/2/9, 67, 41, 25, 10, 9, 11, 
2019/2/10, 77, 87, 23, 12, 7, 9, 
2019/2/11, 168, 69, 22, 10, 4, , 
2019/2/12, 129, 53, 20, 11, 6, , 
2019/2/13, 102, 37, 26, 8, 4, , 
2019/2/14, 72, 53, 31, 6, 3, , 
2019/2/15, 116, 27, 31, 9, 4, , 
2019/2/16, 47, 53, 32, 17, 8, , 
2019/2/17, 106, 69, 31, 18, 10, 8, 
2019/2/18, 140, 96, 21, 11, 3, 4, 
2019/2/19, 184, 120, 34, 15, 5, 8, 
2019/2/20, 206, 138, 35, 25, 8, 20, 
2019/2/21, 230, 142, 38, 30, 10, 15, 
2019/2/22, 237, 151, 47, 32, 10, 4, 
2019/2/23, 253, 106, 52, 29, 14, , 
2019/2/24, 184, 82, 28, 25, 8, , 
2019/2/25, 129, 55, 21, 21, 7, , 
2019/2/26, 89, 123, 13, 34, 13, , 
2019/2/27, 197, 110, 46, 26, 10, , 
2019/2/28, 184, 101, 50, 20, 8, , 
2019/3/1, 175, 109, 62, 21, 8, , 
2019/3/2, 182, 116, 49, 20, 7, , 
2019/3/3, 184, 98, 38, 17, 6, , 
2019/3/4, 171, 89, 34, 15, 5, , 
2019/3/5, 144, 58, 35, 8, 2, , 
2019/3/6, 54, 55, 44, 14, 6, , 
2019/3/7, 85, 71, 54, 15, 10, , 
2019/3/8, 122, 73, 45, 15, 8, , 
2019/3/9, 131, 80, 58, 17, 9, , 
2019/3/10, 158, 58, 39, 12, 3, , 
2019/3/11, 103, 32, 35, 6, 2, , 
2019/3/12, 31, 52, 35, 15, 5, , 
2019/3/13, 74, 46, 37, 17, 5, , 
2019/3/14, 70, 52, 35, 12, 5, , 
2019/3/15, 60, 64, 36, 16, 7, , 
2019/3/16, 99, 67, 47, 16, 8, , 
2019/3/17, 114, 88, 59, 13, 8, , 
2019/3/18, 151, 73, 72, 11, 7, , 
2019/3/19, 136, 63, 62, 12, 7, , 
2019/3/20, 123, 39, 37, 5, 2, , 
2019/3/21, 50, 53, 40, 18, 5, , 
2019/3/22, 83, 31, 35, 8, 2, , 
2019/3/23, 39, 67, 37, 14, 6, , 
2019/3/24, 95, 77, 43, 12, 5, , 
2019/3/25, 122, 109, 37, 20, 10, , 
2019/3/26, 162, 96, 39, 17, 7, , 
2019/3/27, 136, 37, 32, 6, 3, , 
2019/3/28, 33, 53, 36, 12, 6, 3, 
2019/3/29, 71, 51, 35, 4, 2, 6, 
2019/3/30, 34, 40, 38, 12, 3, 7, 
2019/3/31, 54, 46, 37, 8, 6, 8, 
2018/10/1, 62, 52, 43, 23, 5, 5, 65
2018/10/2, 90, 75, 64, 27, 5, 4, 91
2018/10/3, 121, 76, 89, 23, 9, 14, 88
2018/10/4, 132, 76, 91, 24, 12, 7, 96
2018/10/5, 134, 65, 29, 18, 5, 4, 75
2018/10/6, 80, 49, 38, 21, 3, 4, 51
2018/10/7, 70, 74, 42, 27, 8, 8, 79
2018/10/8, 116, 43, 27, 10, 2, 5, 46
2018/10/9, 44, 40, 30, 13, 2, 7, 43
2018/10/10, 53, 47, 35, 17, 4, 7, 56
2018/10/11, 80, 68, 50, 21, 8, 5, 74
2018/10/12, 114, 96, 65, 22, 11, 7, 111
2018/10/13, 147, 98, 53, 27, 8, 6, 120
2018/10/14, 154, , , , , , 
2018/10/16, 129, 52, 33, 18, 5, 5, 55
2018/10/17, 85, 51, 39, 20, 7, 5, 54
2018/10/18, 87, 71, 31, 27, 9, , 
2018/10/19, 142, 77, 59, 29, 14, , 
2018/10/20, 144, 97, 25, 40, 11, , 
2018/10/21, 160, 99, 34, 24, 7, , 
2018/10/22, 161, 74, 26, 18, 4, , 
2018/10/23, 90, 93, 32, 27, 11, , 
2018/10/24, 139, 116, 27, 27, 9, , 
2018/10/25, 177, 67, 24, 14, 3, , 
2018/10/26, 84, 58, 21, 19, 5, , 
2018/10/27, 84, 50, 30, 13, 4, 1, 40
2018/10/28, 62, 36, 26, 12, 3, 4, 37
2018/10/29, 49, 51, 27, 18, 6, 1, 39
2018/10/30, 76, 62, 30, 21, 12, , 
2018/10/31, 106, 74, 40, 25, 12, , 
2018/11/1, 137, 101, 51, 24, 23, , 
2018/11/2, 169, 78, 46, 18, 8, , 
2018/11/3, 145, 83, 20, 22, 8, , 
2018/11/4, 148, 46, 12, 13, 3, , 
2018/11/5, 94, 55, 9, 14, 4, , 
2018/11/6, 95, 87, , 18, 5, , 
2018/11/7, 148, 67, 18, 16, 6, , 
2018/11/8, 132, 82, 15, 17, 3, , 
2018/11/9, 160, 60, 15, 19, 6, , 
2018/11/10, 81, 55, 27, 18, 11, , 
2018/11/11, 91, 75, 32, 22, 7, , 
2018/11/12, 155, 107, 39, 20, 12, , 
2018/11/13, 181, 129, 26, 24, 7, 7, 202
2018/11/14, 203, 113, 6, 22, 4, 10, 171
2018/11/15, 194, 46, 16, 13, 5, 6, 63
2018/11/16, 84, 66, 17, 17, 8, 6, 92
2018/11/17, 130, 84, 11, 18, 4, 7, 109
2018/11/18, 156, 97, 20, 20, 8, 8, 126
2018/11/19, 168, 93, 21, 20, 6, 9, 115
2018/11/20, 157, 55, 22, 14, 3, 5, 64
2018/11/21, 98, 83, 13, 23, 6, 8, 122
2018/11/22, 157, 100, 22, 25, 12, 12, 124
2018/11/23, 170, 111, 21, 25, 11, 15, 149
2018/11/24, 178, 156, 21, 35, 12, 15, 234
2018/11/25, 234, 168, 23, 26, 7, 14, 260
2018/11/26, 259, 223, 20, 20, 3, 10, 236
2018/11/27, 163, 181, 10, 28, 7, 11, 185
2018/11/28, 133, 84, 18, 17, 5, 7, 87
2018/11/29, 90, 100, 21, 23, 7, 8, 103
2018/11/30, 116, 134, 18, 31, 8, 13, 143
2018/12/1, 171, 138, 2, 24, 5, 17, 197
2018/12/2, 209, 184, 22, 13, 3, 8, 203
2018/12/3, 151, 81, 22, 14, 5, 5, 84
2018/12/4, 88, 79, 11, 14, 5, 8, 93
2018/12/5, 109, 55, 25, 7, 2, 6, 60
2018/12/6, 73, 39, 21, 8, 3, 5, 42
2018/12/7, 46, 57, 24, 22, 7, 7, 62
2018/12/8, 89, 56, 30, 23, 14, 11, 76
2018/12/9, 105, 79, 11, 32, 16, 12, 118
2018/12/10, 156, 70, 21, 24, 7, 9, 82
2018/12/11, 106, 96, 17, 27, 16, 15, 137
2018/12/12, 162, 81, 23, 25, 11, 13, 103
2018/12/13, 119, 50, 20, 22, 9, 7, 65
2018/12/14, 91, 109, 20, 28, 13, 12, 154
2018/12/15, 178, 159, 12, 35, 15, 20, 224
2018/12/16, 225, 115, 19, 28, 14, 14, 150
2018/12/17, 168, 92, 15, 26, 11, 9, 105
2018/12/18, 144, 79, 17, 31, 13, 9, 92
2018/12/19, 133, 84, 16, 35, 13, 13, 98
2018/12/20, 142, 106, 10, 33, 14, 15, 143
2018/12/21, 166, 85, 13, 29, 11, 11, 108
2018/12/22, 145, 55, 23, 13, 4, 3, 61
2018/12/23, 55, 65, 19, 27, 12, 9, 81
2018/12/24, 117, 83, 19, 22, 8, 11, 93
2018/12/25, 114, 44, 22, 15, 4, 6, 47
2018/12/26, 64, 46, 23, 11, 2, 5, 49
2018/12/27, 55, 43, 21, 11, 7, 10, 49
2018/12/28, 50, 59, 34, 24, 12, 11, 91
2018/12/29, 115, 49, 18, 21, 9, 10, 76
2018/12/30, 103, , , , , , 
2018/7/1, 78, 52, 98, 6, 2, 3, 71
2018/7/2, 75, 56, 113, 7, 4, 4, 79
2018/7/3, 89, 67, 120, 9, 5, 6, 87
2018/7/4, 112, 72, 135, 9, 3, 7, 105
2018/7/5, 132, 70, 97, 8, 2, 7, 102
2018/7/6, 133, 67, 114, 11, 5, 6, 81
2018/7/7, 111, 63, 63, 9, 2, 5, 92
2018/7/8, 130, 48, 37, 10, 4, 5, 65
2018/7/9, 86, 31, 61, 6, 1, 3, 38
2018/7/10, 55, 56, 61, 11, 4, 5, 80
2018/7/11, 99, 83, 99, 11, 2, 8, 108
2018/7/12, 152, 38, 36, 10, 1, 6, 54
2018/7/13, 73, 37, 48, 9, 1, 7, 40
2018/7/14, 70, 52, 92, 5, 1, 6, 81
2018/7/15, 110, 62, 85, 6, 2, 8, 80
2018/7/16, 112, 62, 105, 7, 2, 8, 91
2018/7/17, 115, 60, 90, 6, 2, 9, 73
2018/7/18, 105, 70, 101, 7, 2, 11, 101
2018/7/19, 121, 68, 108, 7, 3, 10, 101
2018/7/20, 118, 66, 110, 8, 2, 7, 100
2018/7/21, 114, 78, 133, 8, 4, 7, 120
2018/7/22, 139, 51, 43, 6, 4, 5, 57
2018/7/23, 73, 20, 51, 3, 1, 4, 30
2018/7/24, 37, 54, 87, 5, 1, 6, 68
2018/7/25, 89, 57, 106, 11, 3, 12, 86
2018/7/26, 93, 55, 76, 4, 1, 4, 79
2018/7/27, 106, 60, 79, 5, 2, 5, 90
2018/7/28, 117, 46, 51, 16, 1, 4, 48
2018/7/29, 91, 57, 87, 13, 2, 16, 89
2018/7/30, 108, 58, 97, 9, 3, 1, 95
2018/7/31, 110, 74, 116, 16, 4, 4, 104
2018/8/1, 134, 61, 95, 13, 6, 4, 92
2018/8/2, 105, 68, 140, 10, 9, 7, 100
2018/8/3, 115, 49, 76, 9, 5, 7, 58
2018/8/4, 78, 48, 73, 7, 2, , 61
2018/8/5, 83, 50, 86, 5, 1, , 64
2018/8/6, 83, 56, 61, 12, 2, 1, 73
2018/8/7, 99, 76, 48, 5, 1, 1, 69
2018/8/8, 52, 39, 86, 8, 3, 3, 55
2018/8/9, 70, 60, 102, 14, 3, 6, 83
2018/8/10, 97, 71, 106, 8, 7, 7, 117
2018/8/11, 137, 51, 92, 9, 3, 3, 64
2018/8/12, 93, 60, 108, 10, 5, 4, 81
2018/8/13, 103, 20, 28, 7, 2, 2, 25
2018/8/14, 35, 27, 35, 6, 1, 2, 31
2018/8/15, 47, 41, 54, 8, 3, 4, 43
2018/8/16, 54, 43, 85, 11, 4, 5, 53
2018/8/17, 58, 47, 54, 11, 3, 5, 60
2018/8/18, 78, 19, 30, 3, 1, 4, 22
2018/8/19, 34, 32, 44, 4, 2, 5, 38
2018/8/20, 50, 51, 95, 10, 10, 6, 62
2018/8/21, 71, 53, 65, 15, 4, 8, 65
2018/8/22, 84, 64, 98, 14, 7, 6, 81
2018/8/23, 107, 60, 65, 18, 8, 4, 76
2018/8/24, 95, 55, 83, 14, 7, 3, 68
2018/8/25, 87, 66, 92, 13, 8, 12, 88
2018/8/26, 121, 53, 75, 10, 7, 2, 58
2018/8/27, 79, 66, 58, 11, 4, 6, 69
2018/8/28, 108, 51, 78, 12, 11, 5, 65
2018/8/29, 79, 46, 59, 14, 10, 4, 65
2018/8/30, 76, 58, 86, 17, 4, 7, 79
2018/8/31, 103, 46, 46, 16, 3, 4, 63
2018/9/1, 82, 59, 36, 13, 4, 5, 73
2018/9/2, 108, 59, 58, 14, 3, 4, 79
2018/9/3, 107, 36, 47, 17, 5, 6, 44
2018/9/4, 46, 51, 58, 19, 5, 9, 58
2018/9/5, 76, 57, 48, 10, 4, 10, 60
2018/9/6, 64, 34, 41, 16, 5, 5, 39
2018/9/7, 46, 39, 42, 18, 5, , 
2018/9/8, 54, 36, 64, 11, 3, , 43
2018/9/9, 50, 58, 83, 16, 7, , 
2018/9/10, 86, 59, 72, 15, 7, , 
2018/9/11, 93, 64, 79, 15, 6, , 
2018/9/12, 106, 82, 50, 28, 4, , 
2018/9/13, 145, 99, 72, 32, 10, , 
2018/9/14, 163, 67, 22, 23, 5, , 
2018/9/15, 104, 47, 24, 24, 4, , 52
2018/9/16, 62, 61, 57, 25, 6, 1, 61
2018/9/17, 92, 65, 35, 16, 4, , 
2018/9/18, 127, 52, 37, 9, 1, , 
2018/9/19, 113, 57, 41, 16, 2, , 51
2018/9/20, 114, 67, 48, 23, 4, 3, 81
2018/9/21, 109, 54, 35, 22, 2, 6, 56
2018/9/22, 56, 42, 40, 16, 3, 7, 45
2018/9/23, 52, 37, 36, 14, 4, 11, 44
2018/9/24, 53, 38, 30, 14, 2, 7, 42
2018/9/25, 55, 79, 24, 20, 6, 4, 126
2018/9/26, 141, , , , , , 
2018/9/28, 117, 52, 34, 17, 2, 2, 42
2018/9/29, 71, 40, 26, 12, 2, 5, 43
2018/9/30, 51, 45, 43, 16, 3, 8, 49
2018/4/1, 206, 128, 105, 10, 8, 11, 201
2018/4/2, 193, 96, 47, 7, 4, 6, 100
2018/4/3, 74, 35, 42, 7, 4, 9, 58
2018/4/4, 88, 60, 34, 14, 4, 10, 109
2018/4/5, 138, 42, 41, 4, 2, 9, 45
2018/4/6, 59, 42, 49, 8, 6, 11, 48
2018/4/7, 69, 62, 49, 17, 9, 13, 70
2018/4/8, 101, 96, 66, 19, 17, 16, 112
2018/4/9, 151, 120, 50, 16, 9, 15, 129
2018/4/10, 131, 54, 58, 17, 8, 11, 57
2018/4/11, 73, 88, 68, 22, 17, 14, 98
2018/4/12, 128, 46, 39, 16, 5, 13, 55
2018/4/13, 77, 46, 52, 8, 4, 6, 66
2018/4/14, 63, 89, 56, 14, 7, 6, 91
2018/4/15, 80, 120, 71, 15, 9, 6, 123
2018/4/16, 132, 122, 87, 9, 8, 6, 125
2018/4/17, 144, 115, 38, 10, 8, 7, 117
2018/4/18, 155, 95, 88, 11, 9, 7, 115
2018/4/19, 156, 86, 126, 10, 10, 5, 117
2018/4/20, 148, 80, 76, 9, 12, 4, 119
2018/4/21, 153, 29, 40, 8, 3, 5, 52
2018/4/22, 84, 47, 43, 14, 4, 6, 69
2018/4/23, 100, 54, 81, 19, 6, 6, 84
2018/4/24, 115, 55, 93, 19, 9, 5, 92
2018/4/25, 114, 92, 79, 19, 10, 7, 134
2018/4/26, 173, 106, 51, 11, 8, , 
2018/4/27, 116, 92, 117, 13, 9, , 
2018/4/28, 161, 75, 107, 15, 9, 2, 127
2018/4/29, 149, 85, 72, 14, 6, 5, 105
2018/4/30, 130, 71, 69, 15, 7, 8, 105
2018/5/1, 148, 44, 64, 12, 4, 4, 57
2018/5/2, 98, 46, 62, 16, 5, 3, 54
2018/5/3, 72, 87, 102, 14, 8, 3, 69
2018/5/4, 114, 54, 51, 14, 5, 2, 94
2018/5/5, 123, 79, 89, 13, 6, 2, 89
2018/5/6, 139, 78, 55, 17, 9, , 
2018/5/7, 119, 58, 60, 20, 7, 1, 60
2018/5/8, 86, 64, 100, 16, 16, 2, 68
2018/5/9, 114, 77, 109, 14, 10, , 
2018/5/10, 144, 71, 71, 17, 11, , 
2018/5/11, 155, 79, 87, 14, 5, , 
2018/5/12, 165, 72, 90, 16, 8, , 
2018/5/13, 152, 80, 92, 9, 7, , 
2018/5/14, 141, 69, 48, 13, 10, , 
2018/5/15, 143, , , , , , 
2018/5/19, 75, 52, 66, 12, 5, 3, 57
2018/5/20, 92, 50, 36, 15, 5, 8, 56
2018/5/21, 91, 63, 58, 15, 5, 12, 77
2018/5/22, 91, 125, 78, 20, 7, 14, 129
2018/5/23, 107, 92, 94, 11, 6, 16, 98
2018/5/24, 108, 79, 80, 16, 6, 20, 90
2018/5/25, 134, 91, 96, 14, 7, 15, 131
2018/5/26, 159, 105, 66, 10, 7, 3, 107
2018/5/27, 125, 131, 68, 9, 8, 5, 135
2018/5/28, 108, 58, 63, 21, 7, 8, 64
2018/5/29, 68, 59, 86, 19, 9, 11, 72
2018/5/30, 81, 66, 103, 14, 15, 9, 93
2018/5/31, 101, 64, 109, 18, 11, 4, 86
2018/6/1, 91, 78, 118, 10, 16, 6, 104
2018/6/2, 120, 97, 130, 8, 9, 6, 109
2018/6/3, 147, 75, 90, 8, 6, 5, 82
2018/6/4, 97, 108, 108, 9, 8, 4, 108
2018/6/5, 118, 122, 114, 7, 7, 6, 125
2018/6/6, 118, 72, 92, 6, 4, 8, 86
2018/6/7, 103, 53, 77, 9, 4, 6, 60
2018/6/8, 78, 39, 46, 8, 3, 4, 49
2018/6/9, 69, 39, 55, 9, 2, 5, 51
2018/6/10, 81, 59, 93, 14, 3, 4, 91
2018/6/11, 112, 74, 137, 13, 8, 6, 103
2018/6/12, 126, 65, 74, 10, 3, 5, 72
2018/6/13, 108, 61, 96, 12, 9, 8, 85
2018/6/14, 105, 58, 96, 9, 4, 5, 80
2018/6/15, 92, 68, 110, 10, 5, 6, 89
2018/6/16, 115, 69, 81, 12, 4, 6, 90
2018/6/17, 124, 78, 109, 11, 6, 6, 100
2018/6/18, 129, 73, 106, 13, 4, 7, 95
2018/6/19, 133, 58, 99, 14, 3, 6, 79
2018/6/20, 100, 80, 127, 20, 7, 10, 98
2018/6/21, 127, 74, 84, 24, 6, 9, 88
2018/6/22, 114, 67, 121, 12, 6, 8, 91
2018/6/23, 96, 64, 108, 12, 5, 4, 85
2018/6/24, 96, 69, 73, 12, 5, 6, 76
2018/6/25, 122, 50, 99, 8, 1, 5, 69
2018/6/26, 95, 77, 109, 13, 3, 5, 100
2018/6/27, 135, 44, 70, 10, 3, 3, 53
2018/6/28, 58, 59, 110, 15, 5, 5, 79
2018/6/29, 76, 67, 122, 12, 6, 7, 95
2018/6/30, 114, 55, 84, 7, 2, 6, 64
2018/1/30, 125, , , , , , 114
2018/2/5, 63, 53, 32, 23, 18, 9, 60
2018/2/6, 97, 68, 39, 21, 17, 9, 66
2018/2/7, 115, 74, 37, 21, 16, 11, 104
2018/2/8, 130, 92, 15, 24, 18, 13, 91
2018/2/9, 162, , , , , , 118
2018/2/13, 119, 73, 39, 14, 14, 10, 99
2018/2/14, 118, 61, 50, 10, 21, 9, 93
2018/2/15, 119, 141, 50, 13, 31, 13, 82
2018/2/16, 223, 141, 35, 21, 32, 21, 205
2018/2/17, 220, 142, 44, 25, 27, 23, 203
2018/2/18, 221, 90, 28, 15, 13, 13, 218
2018/2/19, 173, 72, 42, 13, 14, 13, 130
2018/2/20, 143, 87, 57, 15, 19, 15, 106
2018/2/21, 162, 93, 49, 15, 11, 14, 126
2018/2/22, 156, 107, 57, 23, 23, 16, 134
2018/2/23, 174, 37, 42, 7, 9, 6, 150
2018/2/24, 57, 55, 42, 17, 15, 10, 43
2018/2/25, 114, 124, 45, 26, 17, 17, 85
2018/2/26, 200, 113, 40, 22, 13, 17, 186
2018/2/27, 199, 108, 46, 18, 11, 13, 178
2018/2/28, 183, 57, 38, 11, 9, 8, 151
2018/3/1, 81, 87, 46, 15, 16, 13, 69
2018/3/2, 148, 88, 25, 14, 10, 10, 112
2018/3/3, 177, 94, 34, 13, 9, 4, 138
2018/3/4, 122, 41, 37, 11, 12, 3, 118
2018/3/5, 76, 44, 34, 13, 15, 4, 44
2018/3/6, 85, 62, 29, 20, 12, 6, 58
2018/3/7, 123, 54, 40, 17, 11, 8, 89
2018/3/8, 113, 79, 46, 19, 15, 8, 72
2018/3/9, 142, 97, 39, 20, 14, 9, 117
2018/3/10, 173, 73, 38, 19, 12, 8, 140
2018/3/11, 146, 118, 55, 33, 20, 14, 113
2018/3/12, 201, 117, 67, 24, 16, 11, 176
2018/3/13, 192, 78, 60, 15, 12, 6, 170
2018/3/14, 156, 55, 35, 10, 9, 3, 99
2018/3/15, 65, 40, 39, 18, 11, 4, 57
2018/3/16, 64, 51, 24, 24, 13, 6, 44
2018/3/17, 112, 76, 28, 29, 10, 13, 68
2018/3/18, 163, 85, 44, 24, 11, 12, 110
2018/3/19, 164, 46, 35, 17, 12, 7, 145
2018/3/20, 74, 60, 44, 27, 15, 8, 49
2018/3/21, 102, 86, 46, 28, 20, 12, 73
2018/3/22, 165, 122, 78, 26, 22, 14, 113
2018/3/23, 198, 117, 89, 35, 11, 14, 190
2018/3/24, 202, 97, 37, 41, 8, 10, 189
2018/3/25, 173, 98, 98, 15, 8, 10, 129
2018/3/26, 174, 98, 70, 12, 8, 10, 142
2018/3/27, 169, 171, 42, 10, 7, 7, 128
2018/3/28, 145, 63, 43, 6, 5, 5, 174
2018/3/29, 75, 69, 55, 17, 12, 9, 66
2018/3/30, 124, 98, 63, 20, 9, 12, 88
2018/3/31, 175, 124, 90, 16, 8, 13, 135
2020/9/9, , 30, 37, 10, 1, 2, 
2020/9/15, , 29, 18, 10, 11, , 
2019/12/31, , 67, 18, 18, 13, 6, 85
2019/11/27, , 47, 14, 19, 6, 2, 
2019/8/31, , 56, 82, 16, 6, 4, 
2019/4/13, , 61, 43, 10, 4, 4, 
2018/12/31, , 82, 9, 27, 18, 14, 
2018/10/15, , 67, 23, 14, 3, 9, 105
2018/9/27, , 62, 45, 15, 1, , 
2018/5/18, , 63, 92, 11, 10, 4, 85
2018/1/29, , 71, , 18, 19, 16, 119
2018/2/4, , 38, 31, 12, 11, 5, 63
2018/2/12, , 91, 47, 13, 18, 9, 
2018/1/16, , , , , , , 106
2018/1/17, , , , , , , 154
2018/1/18, , , , , , , 183
2018/1/19, , , , , , , 292
2018/1/20, , , , , , , 294
2018/1/21, , , , , , , 45
2018/1/22, , , , , , , 60
2018/1/23, , , , , , , 61
2018/1/24, , , , , , , 107
2018/1/25, , , , , , , 66
2018/1/26, , , , , , , 69
2018/1/27, , , , , , , 86
2018/1/28, , , , , , , 86
2018/1/31, , , , , , , 74
2018/2/1, , , , , , , 113
2018/2/2, , , , , , , 61
2018/2/3, , , , , , , 77